BranchId,VendorId,Zcode,Address
1,1,30601,"101 College Ave, Athens, GA 30601"
2,2,30601,"620N US 29 Highway, Athens, GA 30601"
3,4,30601,"475 US Hwy 29 N, Athens, GA 30601"
4,5,30601,"100 College Ave, Athens, GA 30601"
5,8,30601,"824 Hull Rd, Athens, GA 30601"
6,3,30601,"216 E Clayton St, Athens, GA 30601"
7,10,30601,"130 McClung Rd, Athens, GA 30601"
8,1,30605,"1870 S Barnett Shoals Rd, Athens, GA 30605"
9,3,30605,"1573 S Lumpkin St, Athens, GA 30605"
10,4,30605,"150 Gaines School Rd, Athens, GA 30605"
11,7,30605,"1860 Barnett Shoals Rd Ste 602, Athens, GA 30605"
12,8,30605,"2824 Lexington Rd, Athens, GA 30605"
13,10,30605,"831 S Lumpkin St, Athens, GA 30605"
14,5,30605,"2301 College Station Rd, Athens, GA 30605"
15,1,75261,"Terminal D, International Pkwy, DFW Airport, TX 75261"
16,3,75261,"Terminal B, 2141 S International Pkwy, DFW Airport, TX 75261"
17,5,75261,"3200 E Airfield Dr, Dallas, TX 75261"
18,10,75261,"Dallas, TX 75261"
19,6,75261,"3200 E Airfield Dr Terminal A, Gate 15, Dallas, TX 75261"
20,2,75261,"3200 E Airfield Dr, Dallas, TX 75261"
21,4,75261,"Terminal C, 2400 Aviation Dr, Dallas, TX 75261"
22,1,75202,"6075 Broadway Blvd, Garland, TX 75043"
23,3,75202,"Manor House, 1222 Commerce St Suite 150, Dallas, TX 75202"
24,4,75202,"1000 Commerce St, Dallas, TX 75202"
25,5,75202,"1201 Elm St Suite 115, Dallas, TX 75202"
26,6,75202,"630 S R L Thornton Freeway Service Rd, Dallas, TX 75202"
27,7,75202,"3501 McKinney Ave, Dallas, TX 75202"
28,8,75202,"1133 N Zang Blvd Ste 105, Dallas, TX 75202"
29,2,90003,"9919 S Avalon Blvd, Los Angeles, CA 90003"
30,4,90003,"101 W Manchester Ave, Los Angeles, CA 90003"
31,6,90003,"8530 S Figueroa St, Los Angeles, CA 90003"
32,8,90003,"2025 E Florence Ave, Los Angeles, CA 90003"
33,10,90003,"2828 S Figueroa St, Los Angeles, CA 90003"
34,1,90003,"660 S Figueroa St, Los Angeles, CA 90003"
35,3,90003,"539 E Florence Ave Unit B, Los Angeles, CA 90003"
36,1,90005,"3758 S Figueroa St, Los Angeles, CA 90005"
37,2,90005,"3029 W 8th St, Los Angeles, CA 90005"
38,3,90005,"635 S Hobart Blvd, Los Angeles, CA 90005"
39,4,90005,"695 S Western Ave, Los Angeles, CA 90005"
40,6,90005,"2532 S Figueroa St, Los Angeles, CA 90005"
41,7,90005,"2222 S Hoover St, Los Angeles, CA 90005"
42,8,90005,"270 S Rampart Blvd, Los Angeles, CA 90005"
43,1,90028,"6750 Sunset Blvd, Los Angeles, CA 90028"
44,2,90028,"990 N Western Ave, Los Angeles, CA 90028"
45,4,90028,"6776 Hollywood Blvd, Hollywood, CA 90028"
46,5,90028,"7055 Sunset Blvd, Los Angeles, CA 90028"
47,7,90028,"6093 Sunset Blvd, Hollywood, CA 90028"
48,8,90028,"6051 Hollywood Blvd, Los Angeles, CA 90028"
49,3,90028,"1813 N Cahuenga Blvd, Los Angeles, CA 90028"
50,6,90028,"6384 Hollywood Blvd, Hollywood, CA 90028"
